,name,id,tags,val/llmse_climax,checkpoint_path
0,superemulatorClimaX_adamw_2bs_0.0005lr_1e-05wd_7seed_20h11m_on_Jan_14_380xx89n,380xx89n,"['6_models', 'climax_frozen', 'early_stopping', 'larger_decoder', 'run2', 'super_emulation']",0.34732290555427847,/network/scratch/c/charlotte.lange/neurips23/causalpaca/runs/emulator/380xx89n/checkpoints/epoch=16-step=11849.ckpt
3,superemulatorCNNLSTM_ClimateBench_adam_2bs_0.0002lr_1e-06wd_7seed_18h57m_on_Jan_14_blfunfkz,blfunfkz,"['6_models', 'conv_lstm', 'decoder', 'early_stopping', 'larger_decoder', 'run2', 'super_emulation']",0.18144196037008903,/network/scratch/c/charlotte.lange/neurips23/causalpaca/runs/emulator/blfunfkz/checkpoints/epoch=99-step=69700.ckpt
7,superemulatorUNet_adam_2bs_0.0002lr_1e-06wd_42seed_17h46m_on_Jan_14_6dplsnd7,6dplsnd7,"['6_models', 'decoder', 'early_stopping', 'larger_decoder', 'run2', 'super_emulation', 'unet']",0.7367637284255792,/network/scratch/c/charlotte.lange/neurips23/causalpaca/runs/emulator/6dplsnd7/checkpoints/epoch=18-step=13243.ckpt
11,superemulatorClimaX_adamw_2bs_0.0005lr_1e-05wd_99seed_16h06m_on_Jan_14_pafpwsu8,pafpwsu8,"['6_models', 'climax', 'early_stopping', 'larger_decoder', 'run2', 'super_emulation']",1.1964090480313296,/network/scratch/c/charlotte.lange/neurips23/causalpaca/runs/emulator/pafpwsu8/checkpoints/epoch=12-step=9061.ckpt
14,NorESM2-LM_MPI-ESM1-2-HR_climax_frozen_tas+pr_run-02ClimaX_adamw_4bs_0.0005lr_1e-05wd_3423seed_12h21m_on_Jan_14_cb5uwnnu,cb5uwnnu,"['NorESM2-LM_MPI-ESM1-2-HR', 'climax_frozen', 'finetuning_emulator', 'run2', 'tas+pr']",0.07251690717795004,/network/scratch/c/charlotte.lange/neurips23/causalpaca/runs/emulator/cb5uwnnu/checkpoints/epoch=49-step=2950.ckpt
15,NorESM2-LM_FGOALS-f3-L_climax_frozen_tas+pr_run-02ClimaX_adamw_4bs_0.0005lr_1e-05wd_7seed_12h13m_on_Jan_14_sj730yfb,sj730yfb,"['NorESM2-LM_FGOALS-f3-L', 'climax_frozen', 'finetuning_emulator', 'run2', 'tas+pr']",0.07194813774854486,/network/scratch/c/charlotte.lange/neurips23/causalpaca/runs/emulator/sj730yfb/checkpoints/epoch=49-step=2950.ckpt
18,NorESM2-LM_EC-Earth3_climax_frozen_tas+pr_run-02ClimaX_adamw_4bs_0.0005lr_1e-05wd_7seed_11h47m_on_Jan_14_egi9r3ih,egi9r3ih,"['NorESM2-LM_EC-Earth3', 'climax_frozen', 'finetuning_emulator', 'run2', 'tas+pr']",0.07159715491257165,/network/scratch/c/charlotte.lange/neurips23/causalpaca/runs/emulator/egi9r3ih/checkpoints/epoch=49-step=2950.ckpt
21,NorESM2-LM_BCC-CSM2-MR_climax_frozen_tas+pr_run-02ClimaX_adamw_4bs_0.0005lr_1e-05wd_7seed_11h21m_on_Jan_14_4diuxo97,4diuxo97,"['NorESM2-LM_BCC-CSM2-MR', 'climax_frozen', 'finetuning_emulator', 'run2', 'tas+pr']",0.07168300492180381,/network/scratch/c/charlotte.lange/neurips23/causalpaca/runs/emulator/4diuxo97/checkpoints/epoch=49-step=2950.ckpt
26,NorESM2-LM_MPI-ESM1-2-HR_climax_tas+pr_run-02ClimaX_adamw_4bs_0.0005lr_1e-05wd_3423seed_09h01m_on_Jan_14_vo18l501,vo18l501,"['NorESM2-LM_MPI-ESM1-2-HR', 'climax', 'finetuning_emulator', 'run2', 'tas+pr']",0.07826221366568732,/network/scratch/c/charlotte.lange/neurips23/causalpaca/runs/emulator/vo18l501/checkpoints/epoch=49-step=2950.ckpt
28,NorESM2-LM_FGOALS-f3-L_climax_tas+pr_run-02ClimaX_adamw_4bs_0.0005lr_1e-05wd_22201seed_08h33m_on_Jan_14_ng5669tm,ng5669tm,"['NorESM2-LM_FGOALS-f3-L', 'climax', 'finetuning_emulator', 'run2', 'tas+pr']",0.07774618022710214,/network/scratch/c/charlotte.lange/neurips23/causalpaca/runs/emulator/ng5669tm/checkpoints/epoch=49-step=2950.ckpt
30,NorESM2-LM_EC-Earth3_climax_tas+pr_run-02ClimaX_adamw_4bs_0.0005lr_1e-05wd_7seed_08h05m_on_Jan_14_48n4jatp,48n4jatp,"['NorESM2-LM_EC-Earth3', 'climax', 'finetuning_emulator', 'run2', 'tas+pr']",0.07863672483481265,/network/scratch/c/charlotte.lange/neurips23/causalpaca/runs/emulator/48n4jatp/checkpoints/epoch=49-step=2950.ckpt
34,NorESM2-LM_BCC-CSM2-MR_climax_tas+pr_run-02ClimaX_adamw_4bs_0.0005lr_1e-05wd_22201seed_07h10m_on_Jan_14_mzlktiro,mzlktiro,"['NorESM2-LM_BCC-CSM2-MR', 'climax', 'finetuning_emulator', 'run2', 'tas+pr']",0.08072618623621272,/network/scratch/c/charlotte.lange/neurips23/causalpaca/runs/emulator/mzlktiro/checkpoints/epoch=49-step=2950.ckpt
38,NorESM2-LM_AWI-CM-1-1-MR_climax_tas+pr_run-02ClimaX_adamw_4bs_0.0005lr_1e-05wd_3423seed_06h14m_on_Jan_14_athis7yd,athis7yd,"['NorESM2-LM_AWI-CM-1-1-MR', 'climax', 'finetuning_emulator', 'run2', 'tas+pr']",0.08258927285651171,/network/scratch/c/charlotte.lange/neurips23/causalpaca/runs/emulator/athis7yd/checkpoints/epoch=49-step=2950.ckpt
40,NorESM2-LM_MPI-ESM1-2-HR_conv_lstm_tas+pr_run-02CNNLSTM_ClimateBench_adam_4bs_0.0002lr_1e-06wd_22201seed_06h49m_on_Jan_13_t9h1i1xi,t9h1i1xi,"['NorESM2-LM_MPI-ESM1-2-HR', 'conv_lstm', 'finetuning_emulator', 'run2', 'tas+pr']",0.09624067924579464,/network/scratch/c/charlotte.lange/neurips23/causalpaca/runs/emulator/t9h1i1xi/checkpoints/epoch=49-step=2950.ckpt
43,NorESM2-LM_FGOALS-f3-L_conv_lstm_tas+pr_run-02CNNLSTM_ClimateBench_adam_4bs_0.0002lr_1e-06wd_22201seed_06h44m_on_Jan_13_wie3w7us,wie3w7us,"['NorESM2-LM_FGOALS-f3-L', 'conv_lstm', 'finetuning_emulator', 'run2', 'tas+pr']",0.11764739692762256,/network/scratch/c/charlotte.lange/neurips23/causalpaca/runs/emulator/wie3w7us/checkpoints/epoch=49-step=2950.ckpt
46,NorESM2-LM_BCC-CSM2-MR_conv_lstm_tas+pr_run-02CNNLSTM_ClimateBench_adam_4bs_0.0002lr_1e-06wd_22201seed_06h39m_on_Jan_13_tcv576nj,tcv576nj,"['NorESM2-LM_BCC-CSM2-MR', 'conv_lstm', 'finetuning_emulator', 'run2', 'tas+pr']",0.15415069399477055,/network/scratch/c/charlotte.lange/neurips23/causalpaca/runs/emulator/tcv576nj/checkpoints/epoch=49-step=2950.ckpt
49,NorESM2-LM_AWI-CM-1-1-MR_conv_lstm_tas+pr_run-02CNNLSTM_ClimateBench_adam_4bs_0.0002lr_1e-06wd_22201seed_06h34m_on_Jan_13_bfrb2jpf,bfrb2jpf,"['NorESM2-LM_AWI-CM-1-1-MR', 'conv_lstm', 'finetuning_emulator', 'run2', 'tas+pr']",0.08851315660834486,/network/scratch/c/charlotte.lange/neurips23/causalpaca/runs/emulator/bfrb2jpf/checkpoints/epoch=49-step=2950.ckpt
53,NorESM2-LM_MPI-ESM1-2-HR_unet_tas+pr_run-02UNet_adam_4bs_0.0002lr_1e-06wd_3423seed_06h14m_on_Jan_13_s3f5y42d,s3f5y42d,"['NorESM2-LM_MPI-ESM1-2-HR', 'finetuning_emulator', 'run2', 'tas+pr', 'unet']",0.07027913612916412,/network/scratch/c/charlotte.lange/neurips23/causalpaca/runs/emulator/s3f5y42d/checkpoints/epoch=49-step=2950.ckpt
55,NorESM2-LM_FGOALS-f3-L_unet_tas+pr_run-02UNet_adam_4bs_0.0002lr_1e-06wd_22201seed_06h01m_on_Jan_13_gn2enysm,gn2enysm,"['NorESM2-LM_FGOALS-f3-L', 'finetuning_emulator', 'run2', 'tas+pr', 'unet']",0.07119668319035077,/network/scratch/c/charlotte.lange/neurips23/causalpaca/runs/emulator/gn2enysm/checkpoints/epoch=49-step=2950.ckpt
59,NorESM2-LM_EC-Earth3_unet_tas+pr_run-02UNet_adam_4bs_0.0002lr_1e-06wd_3423seed_05h36m_on_Jan_13_jhbm2k9p,jhbm2k9p,"['NorESM2-LM_EC-Earth3', 'finetuning_emulator', 'run2', 'tas+pr', 'unet']",0.07095378239087546,/network/scratch/c/charlotte.lange/neurips23/causalpaca/runs/emulator/jhbm2k9p/checkpoints/epoch=49-step=2950.ckpt
61,NorESM2-LM_BCC-CSM2-MR_unet_tas+pr_run-02UNet_adam_4bs_0.0002lr_1e-06wd_22201seed_05h23m_on_Jan_13_lefkc633,lefkc633,"['NorESM2-LM_BCC-CSM2-MR', 'finetuning_emulator', 'run2', 'tas+pr', 'unet']",0.06849106811589692,/network/scratch/c/charlotte.lange/neurips23/causalpaca/runs/emulator/lefkc633/checkpoints/epoch=49-step=2950.ckpt
64,NorESM2-LM_AWI-CM-1-1-MR_unet_tas+pr_run-02UNet_adam_4bs_0.0002lr_1e-06wd_22201seed_05h05m_on_Jan_13_bbiffu38,bbiffu38,"['NorESM2-LM_AWI-CM-1-1-MR', 'finetuning_emulator', 'run2', 'tas+pr', 'unet']",0.06919801982322446,/network/scratch/c/charlotte.lange/neurips23/causalpaca/runs/emulator/bbiffu38/checkpoints/epoch=49-step=2950.ckpt
67,TaiESM1_climax_frozen_tas_run-02ClimaX_adamw_4bs_0.0005lr_1e-05wd_22201seed_10h09m_on_Jan_11_puq9lsmw,puq9lsmw,"['TaiESM1', 'climax_frozen', 'run2', 'single_emulator', 'tas+pr']",0.0749142549547899,/network/scratch/c/charlotte.lange/neurips23/causalpaca/runs/emulator/puq9lsmw/checkpoints/epoch=49-step=2950.ckpt
69,NorESM2-MM_climax_frozen_tas_run-02ClimaX_adamw_4bs_0.0005lr_1e-05wd_7seed_09h52m_on_Jan_11_hrdqo6sd,hrdqo6sd,"['NorESM2-MM', 'climax_frozen', 'run2', 'single_emulator', 'tas+pr']",0.08301749601090695,/network/scratch/c/charlotte.lange/neurips23/causalpaca/runs/emulator/hrdqo6sd/checkpoints/epoch=49-step=2950.ckpt
73,MRI-ESM2-0_climax_frozen_tas_run-02ClimaX_adamw_4bs_0.0005lr_1e-05wd_22201seed_09h18m_on_Jan_11_20tykiwq,20tykiwq,"['MRI-ESM2-0', 'climax_frozen', 'run2', 'single_emulator', 'tas+pr']",0.08108293335798172,/network/scratch/c/charlotte.lange/neurips23/causalpaca/runs/emulator/20tykiwq/checkpoints/epoch=49-step=2950.ckpt
75,MPI-ESM1-2-HR_climax_frozen_tas_run-02ClimaX_adamw_4bs_0.0005lr_1e-05wd_7seed_09h01m_on_Jan_11_1icla5f2,1icla5f2,"['MPI-ESM1-2-HR', 'climax_frozen', 'run2', 'single_emulator', 'tas+pr']",0.08891919086468691,/network/scratch/c/charlotte.lange/neurips23/causalpaca/runs/emulator/1icla5f2/checkpoints/epoch=49-step=2950.ckpt
76,INM-CM5-0_climax_frozen_tas_run-02ClimaX_adamw_4bs_0.0005lr_1e-05wd_7seed_08h35m_on_Jan_11_iwu0es1s,iwu0es1s,"['INM-CM5-0', 'climax_frozen', 'run2', 'single_emulator', 'tas+pr']",0.07821527003251641,/network/scratch/c/charlotte.lange/neurips23/causalpaca/runs/emulator/iwu0es1s/checkpoints/epoch=49-step=2950.ckpt
79,INM-CM4-8_climax_frozen_tas_run-02ClimaX_adamw_4bs_0.0005lr_1e-05wd_7seed_08h10m_on_Jan_11_icobhsed,icobhsed,"['INM-CM4-8', 'climax_frozen', 'run2', 'single_emulator', 'tas+pr']",0.07411336792090861,/network/scratch/c/charlotte.lange/neurips23/causalpaca/runs/emulator/icobhsed/checkpoints/epoch=49-step=2950.ckpt
84,GFDL-ESM4_climax_frozen_tas_run-02ClimaX_adamw_4bs_0.0005lr_1e-05wd_3423seed_07h28m_on_Jan_11_v5md2q0e,v5md2q0e,"['GFDL-ESM4', 'climax_frozen', 'run2', 'single_emulator', 'tas+pr']",0.19761994898876517,/network/scratch/c/charlotte.lange/neurips23/causalpaca/runs/emulator/v5md2q0e/checkpoints/epoch=49-step=2950.ckpt
87,FGOALS-f3-L_climax_frozen_tas_run-02ClimaX_adamw_4bs_0.0005lr_1e-05wd_3423seed_07h02m_on_Jan_11_fprd2f35,fprd2f35,"['FGOALS-f3-L', 'climax_frozen', 'run2', 'single_emulator', 'tas+pr']",0.12928601078235716,/network/scratch/c/charlotte.lange/neurips23/causalpaca/runs/emulator/fprd2f35/checkpoints/epoch=49-step=2950.ckpt
88,EC-Earth3-Veg-LR_climax_frozen_tas_run-02ClimaX_adamw_4bs_0.0005lr_1e-05wd_7seed_06h54m_on_Jan_11_3110polx,3110polx,"['EC-Earth3-Veg-LR', 'climax_frozen', 'run2', 'single_emulator', 'tas+pr']",0.11458526085384169,/network/scratch/c/charlotte.lange/neurips23/causalpaca/runs/emulator/3110polx/checkpoints/epoch=49-step=2950.ckpt
92,EC-Earth3_climax_frozen_tas_run-02ClimaX_adamw_4bs_0.0005lr_1e-05wd_22201seed_06h20m_on_Jan_11_0wwb19iu,0wwb19iu,"['EC-Earth3', 'climax_frozen', 'run2', 'single_emulator', 'tas+pr']",0.10938694621634622,/network/scratch/c/charlotte.lange/neurips23/causalpaca/runs/emulator/0wwb19iu/checkpoints/epoch=49-step=2950.ckpt
95,CNRM-CM6-1-HR_climax_frozen_tas_run-02ClimaX_adamw_4bs_0.0005lr_1e-05wd_22201seed_05h55m_on_Jan_11_99vzegl9,99vzegl9,"['CNRM-CM6-1-HR', 'climax_frozen', 'run2', 'single_emulator', 'tas+pr']",0.11478560215663684,/network/scratch/c/charlotte.lange/neurips23/causalpaca/runs/emulator/99vzegl9/checkpoints/epoch=49-step=2950.ckpt
99,CAS-ESM2-0_climax_frozen_tas_run-02ClimaX_adamw_4bs_0.0005lr_1e-05wd_3423seed_05h21m_on_Jan_11_318hjseo,318hjseo,"['CAS-ESM2-0', 'climax_frozen', 'run2', 'single_emulator', 'tas+pr']",0.0880021707804823,/network/scratch/c/charlotte.lange/neurips23/causalpaca/runs/emulator/318hjseo/checkpoints/epoch=49-step=2950.ckpt
101,BCC-CSM2-MR_climax_frozen_tas_run-02ClimaX_adamw_4bs_0.0005lr_1e-05wd_22201seed_05h04m_on_Jan_11_v3s8igyn,v3s8igyn,"['BCC-CSM2-MR', 'climax_frozen', 'run2', 'single_emulator', 'tas+pr']",0.0866099537398976,/network/scratch/c/charlotte.lange/neurips23/causalpaca/runs/emulator/v3s8igyn/checkpoints/epoch=49-step=2950.ckpt
103,AWI-CM-1-1-MR_climax_frozen_tas_run-02ClimaX_adamw_4bs_0.0005lr_1e-05wd_7seed_04h47m_on_Jan_11_n6002nel,n6002nel,"['AWI-CM-1-1-MR', 'climax_frozen', 'run2', 'single_emulator', 'tas+pr']",0.12428770323462893,/network/scratch/c/charlotte.lange/neurips23/causalpaca/runs/emulator/n6002nel/checkpoints/epoch=49-step=2950.ckpt
108,NorESM2-LM_climax_frozen_tas_run-02ClimaX_adamw_4bs_0.0005lr_1e-05wd_3423seed_04h05m_on_Jan_11_j7otlyy4,j7otlyy4,"['NorESM2-LM', 'climax_frozen', 'run2', 'single_emulator', 'tas+pr']",0.08397904723353625,/network/scratch/c/charlotte.lange/neurips23/causalpaca/runs/emulator/j7otlyy4/checkpoints/epoch=49-step=2950.ckpt
109,TaiESM1_conv_lstm_tas_run-02CNNLSTM_ClimateBench_adam_4bs_0.0002lr_1e-06wd_7seed_21h34m_on_Jan_09_9p06x00c,9p06x00c,"['TaiESM1', 'conv_lstm', 'run2', 'single_emulator', 'tas+pr']",0.225048083018815,/network/scratch/c/charlotte.lange/neurips23/causalpaca/runs/emulator/9p06x00c/checkpoints/epoch=49-step=2950.ckpt
112,NorESM2-MM_conv_lstm_tas_run-02CNNLSTM_ClimateBench_adam_4bs_0.0002lr_1e-06wd_7seed_21h30m_on_Jan_09_welhl2d1,welhl2d1,"['NorESM2-MM', 'conv_lstm', 'run2', 'single_emulator', 'tas+pr']",0.19660609640117724,/network/scratch/c/charlotte.lange/neurips23/causalpaca/runs/emulator/welhl2d1/checkpoints/epoch=49-step=2950.ckpt
116,MRI-ESM2-0_conv_lstm_tas_run-02CNNLSTM_ClimateBench_adam_4bs_0.0002lr_1e-06wd_22201seed_21h25m_on_Jan_09_zgmul7fb,zgmul7fb,"['MRI-ESM2-0', 'conv_lstm', 'run2', 'single_emulator', 'tas+pr']",0.23054466705336016,/network/scratch/c/charlotte.lange/neurips23/causalpaca/runs/emulator/zgmul7fb/checkpoints/epoch=49-step=2950.ckpt
118,MPI-ESM1-2-HR_conv_lstm_tas_run-02CNNLSTM_ClimateBench_adam_4bs_0.0002lr_1e-06wd_7seed_21h23m_on_Jan_09_u1d7hwwi,u1d7hwwi,"['MPI-ESM1-2-HR', 'conv_lstm', 'run2', 'single_emulator', 'tas+pr']",0.3376239082993523,/network/scratch/c/charlotte.lange/neurips23/causalpaca/runs/emulator/u1d7hwwi/checkpoints/epoch=49-step=2950.ckpt
121,INM-CM5-0_conv_lstm_tas_run-02CNNLSTM_ClimateBench_adam_4bs_0.0002lr_1e-06wd_7seed_21h19m_on_Jan_09_ps879fmy,ps879fmy,"['INM-CM5-0', 'conv_lstm', 'run2', 'single_emulator', 'tas+pr']",0.2207622566668722,/network/scratch/c/charlotte.lange/neurips23/causalpaca/runs/emulator/ps879fmy/checkpoints/epoch=49-step=2950.ckpt
124,INM-CM4-8_conv_lstm_tas_run-02CNNLSTM_ClimateBench_adam_4bs_0.0002lr_1e-06wd_7seed_21h16m_on_Jan_09_fvzgwfqs,fvzgwfqs,"['INM-CM4-8', 'conv_lstm', 'run2', 'single_emulator', 'tas+pr']",0.22725166204868097,/network/scratch/c/charlotte.lange/neurips23/causalpaca/runs/emulator/fvzgwfqs/checkpoints/epoch=49-step=2950.ckpt
127,GFDL-ESM4_conv_lstm_tas_run-02CNNLSTM_ClimateBench_adam_4bs_0.0002lr_1e-06wd_7seed_21h12m_on_Jan_09_or4fgm3v,or4fgm3v,"['GFDL-ESM4', 'conv_lstm', 'run2', 'single_emulator', 'tas+pr']",0.4371571962635696,/network/scratch/c/charlotte.lange/neurips23/causalpaca/runs/emulator/or4fgm3v/checkpoints/epoch=49-step=2950.ckpt
130,FGOALS-f3-L_conv_lstm_tas_run-02CNNLSTM_ClimateBench_adam_4bs_0.0002lr_1e-06wd_7seed_21h09m_on_Jan_09_gpnljrwf,gpnljrwf,"['FGOALS-f3-L', 'conv_lstm', 'run2', 'single_emulator', 'tas+pr']",0.2694698698777758,/network/scratch/c/charlotte.lange/neurips23/causalpaca/runs/emulator/gpnljrwf/checkpoints/epoch=49-step=2950.ckpt
133,EC-Earth3-Veg-LR_conv_lstm_tas_run-02CNNLSTM_ClimateBench_adam_4bs_0.0002lr_1e-06wd_7seed_21h05m_on_Jan_09_q1jth7c8,q1jth7c8,"['EC-Earth3-Veg-LR', 'conv_lstm', 'run2', 'single_emulator', 'tas+pr']",0.32209855000557985,/network/scratch/c/charlotte.lange/neurips23/causalpaca/runs/emulator/q1jth7c8/checkpoints/epoch=49-step=2950.ckpt
137,EC-Earth3_conv_lstm_tas_run-02CNNLSTM_ClimateBench_adam_4bs_0.0002lr_1e-06wd_22201seed_21h01m_on_Jan_09_bxm3bqhq,bxm3bqhq,"['EC-Earth3', 'conv_lstm', 'run2', 'single_emulator', 'tas+pr']",0.30788373627678345,/network/scratch/c/charlotte.lange/neurips23/causalpaca/runs/emulator/bxm3bqhq/checkpoints/epoch=49-step=2950.ckpt
139,CNRM-CM6-1-HR_conv_lstm_tas_run-02CNNLSTM_ClimateBench_adam_4bs_0.0002lr_1e-06wd_7seed_20h58m_on_Jan_09_ibzgwki6,ibzgwki6,"['CNRM-CM6-1-HR', 'conv_lstm', 'run2', 'single_emulator', 'tas+pr']",0.26287121247623685,/network/scratch/c/charlotte.lange/neurips23/causalpaca/runs/emulator/ibzgwki6/checkpoints/epoch=49-step=2950.ckpt
143,CAS-ESM2-0_conv_lstm_tas_run-02CNNLSTM_ClimateBench_adam_4bs_0.0002lr_1e-06wd_22201seed_20h53m_on_Jan_09_rwsae4eu,rwsae4eu,"['CAS-ESM2-0', 'conv_lstm', 'run2', 'single_emulator', 'tas+pr']",0.29395818728069445,/network/scratch/c/charlotte.lange/neurips23/causalpaca/runs/emulator/rwsae4eu/checkpoints/epoch=49-step=2950.ckpt
146,BCC-CSM2-MR_conv_lstm_tas_run-02CNNLSTM_ClimateBench_adam_4bs_0.0002lr_1e-06wd_22201seed_20h50m_on_Jan_09_nk6qav80,nk6qav80,"['BCC-CSM2-MR', 'conv_lstm', 'run2', 'single_emulator', 'tas+pr']",0.1896547812822209,/network/scratch/c/charlotte.lange/neurips23/causalpaca/runs/emulator/nk6qav80/checkpoints/epoch=49-step=2950.ckpt
148,AWI-CM-1-1-MR_conv_lstm_tas_run-02CNNLSTM_ClimateBench_adam_4bs_0.0002lr_1e-06wd_7seed_20h48m_on_Jan_09_q98hslbh,q98hslbh,"['AWI-CM-1-1-MR', 'conv_lstm', 'run2', 'single_emulator', 'tas+pr']",0.3767661596688685,/network/scratch/c/charlotte.lange/neurips23/causalpaca/runs/emulator/q98hslbh/checkpoints/epoch=49-step=2950.ckpt
152,NorESM2-LM_conv_lstm_tas_run-02CNNLSTM_ClimateBench_adam_4bs_0.0002lr_1e-06wd_22201seed_20h43m_on_Jan_09_kizgqdc6,kizgqdc6,"['NorESM2-LM', 'conv_lstm', 'run2', 'single_emulator', 'tas+pr']",0.1745492056343429,/network/scratch/c/charlotte.lange/neurips23/causalpaca/runs/emulator/kizgqdc6/checkpoints/epoch=49-step=2950.ckpt
154,TaiESM1_unet_tas_run-02UNet_adam_4bs_0.0002lr_1e-06wd_7seed_20h35m_on_Jan_09_6wrc3qkt,6wrc3qkt,"['TaiESM1', 'run2', 'single_emulator', 'tas+pr', 'unet']",0.0825026904326333,/network/scratch/c/charlotte.lange/neurips23/causalpaca/runs/emulator/6wrc3qkt/checkpoints/epoch=49-step=2950.ckpt
158,NorESM2-MM_unet_tas_run-02UNet_adam_4bs_0.0002lr_1e-06wd_3423seed_20h04m_on_Jan_09_a4x5sbac,a4x5sbac,"['NorESM2-MM', 'run2', 'single_emulator', 'tas+pr', 'unet']",0.07956807455616793,/network/scratch/c/charlotte.lange/neurips23/causalpaca/runs/emulator/a4x5sbac/checkpoints/epoch=49-step=2950.ckpt
160,MRI-ESM2-0_unet_tas_run-02UNet_adam_4bs_0.0002lr_1e-06wd_22201seed_19h52m_on_Jan_09_k3wkisrk,k3wkisrk,"['MRI-ESM2-0', 'run2', 'single_emulator', 'tas+pr', 'unet']",0.08587329239870128,/network/scratch/c/charlotte.lange/neurips23/causalpaca/runs/emulator/k3wkisrk/checkpoints/epoch=49-step=2950.ckpt
163,MPI-ESM1-2-HR_unet_tas_run-02UNet_adam_4bs_0.0002lr_1e-06wd_22201seed_19h33m_on_Jan_09_f54ywd24,f54ywd24,"['MPI-ESM1-2-HR', 'run2', 'single_emulator', 'tas+pr', 'unet']",0.09513779144025628,/network/scratch/c/charlotte.lange/neurips23/causalpaca/runs/emulator/f54ywd24/checkpoints/epoch=49-step=2950.ckpt
167,INM-CM5-0_unet_tas_run-02UNet_adam_4bs_0.0002lr_1e-06wd_3423seed_19h09m_on_Jan_09_u9d6pszd,u9d6pszd,"['INM-CM5-0', 'run2', 'single_emulator', 'tas+pr', 'unet']",0.08026869389183142,/network/scratch/c/charlotte.lange/neurips23/causalpaca/runs/emulator/u9d6pszd/checkpoints/epoch=49-step=2950.ckpt
168,INM-CM4-8_unet_tas_run-02UNet_adam_4bs_0.0002lr_1e-06wd_7seed_19h02m_on_Jan_09_084ogwuc,084ogwuc,"['INM-CM4-8', 'run2', 'single_emulator', 'tas+pr', 'unet']",0.0764465229907883,/network/scratch/c/charlotte.lange/neurips23/causalpaca/runs/emulator/084ogwuc/checkpoints/epoch=49-step=2950.ckpt
172,GFDL-ESM4_unet_tas_run-02UNet_adam_4bs_0.0002lr_1e-06wd_22201seed_18h38m_on_Jan_09_g4o6y4ta,g4o6y4ta,"['GFDL-ESM4', 'run2', 'single_emulator', 'tas+pr', 'unet']",0.2133190137715047,/network/scratch/c/charlotte.lange/neurips23/causalpaca/runs/emulator/g4o6y4ta/checkpoints/epoch=49-step=2950.ckpt
175,FGOALS-f3-L_unet_tas_run-02UNet_adam_4bs_0.0002lr_1e-06wd_22201seed_18h19m_on_Jan_09_nky0dw5f,nky0dw5f,"['FGOALS-f3-L', 'run2', 'single_emulator', 'tas+pr', 'unet']",0.12156895460695412,/network/scratch/c/charlotte.lange/neurips23/causalpaca/runs/emulator/nky0dw5f/checkpoints/epoch=49-step=2950.ckpt
179,EC-Earth3-Veg-LR_unet_tas_run-02UNet_adam_4bs_0.0002lr_1e-06wd_3423seed_17h54m_on_Jan_09_z0aa29nr,z0aa29nr,"['EC-Earth3-Veg-LR', 'run2', 'single_emulator', 'tas+pr', 'unet']",0.11327065530797883,/network/scratch/c/charlotte.lange/neurips23/causalpaca/runs/emulator/z0aa29nr/checkpoints/epoch=49-step=2950.ckpt
180,EC-Earth3_unet_tas_run-02UNet_adam_4bs_0.0002lr_1e-06wd_7seed_17h48m_on_Jan_09_c18ysodr,c18ysodr,"['EC-Earth3', 'run2', 'single_emulator', 'tas+pr', 'unet']",0.11181131743179744,/network/scratch/c/charlotte.lange/neurips23/causalpaca/runs/emulator/c18ysodr/checkpoints/epoch=49-step=2950.ckpt
185,CNRM-CM6-1-HR_unet_tas_run-02UNet_adam_4bs_0.0002lr_1e-06wd_3423seed_17h17m_on_Jan_09_vdm3qu3v,vdm3qu3v,"['CNRM-CM6-1-HR', 'run2', 'single_emulator', 'tas+pr', 'unet']",0.11846004285596978,/network/scratch/c/charlotte.lange/neurips23/causalpaca/runs/emulator/vdm3qu3v/checkpoints/epoch=49-step=2950.ckpt
188,CAS-ESM2-0_unet_tas_run-02UNet_adam_4bs_0.0002lr_1e-06wd_3423seed_16h58m_on_Jan_09_4bbuz222,4bbuz222,"['CAS-ESM2-0', 'run2', 'single_emulator', 'tas+pr', 'unet']",0.08889091036368504,/network/scratch/c/charlotte.lange/neurips23/causalpaca/runs/emulator/4bbuz222/checkpoints/epoch=49-step=2950.ckpt
189,BCC-CSM2-MR_unet_tas_run-02UNet_adam_4bs_0.0002lr_1e-06wd_7seed_16h52m_on_Jan_09_zcs04apj,zcs04apj,"['BCC-CSM2-MR', 'run2', 'single_emulator', 'tas+pr', 'unet']",0.08249936954466597,/network/scratch/c/charlotte.lange/neurips23/causalpaca/runs/emulator/zcs04apj/checkpoints/epoch=49-step=2950.ckpt
192,AWI-CM-1-1-MR_unet_tas_run-02UNet_adam_4bs_0.0002lr_1e-06wd_7seed_16h33m_on_Jan_09_9r951cg3,9r951cg3,"['AWI-CM-1-1-MR', 'run2', 'single_emulator', 'tas+pr', 'unet']",0.1339947561371304,/network/scratch/c/charlotte.lange/neurips23/causalpaca/runs/emulator/9r951cg3/checkpoints/epoch=49-step=2950.ckpt
197,NorESM2-LM_unet_tas_run-02UNet_adam_4bs_0.0002lr_1e-06wd_3423seed_16h02m_on_Jan_09_64y0zy7t,64y0zy7t,"['NorESM2-LM', 'run2', 'single_emulator', 'tas+pr', 'unet']",0.07472714882311944,/network/scratch/c/charlotte.lange/neurips23/causalpaca/runs/emulator/64y0zy7t/checkpoints/epoch=49-step=2950.ckpt
199,TaiESM1_climax_tas_run-02ClimaX_adamw_4bs_0.0005lr_1e-05wd_22201seed_15h34m_on_Jan_09_0z5vgl7g,0z5vgl7g,"['TaiESM1', 'climax', 'run2', 'single_emulator', 'tas+pr']",0.07231005953094465,/network/scratch/c/charlotte.lange/neurips23/causalpaca/runs/emulator/0z5vgl7g/checkpoints/epoch=49-step=2950.ckpt
203,NorESM2-MM_climax_tas_run-02ClimaX_adamw_4bs_0.0005lr_1e-05wd_3423seed_14h37m_on_Jan_09_wl2ahocy,wl2ahocy,"['NorESM2-MM', 'climax', 'run2', 'single_emulator', 'tas+pr']",0.08309854496492022,/network/scratch/c/charlotte.lange/neurips23/causalpaca/runs/emulator/wl2ahocy/checkpoints/epoch=49-step=2950.ckpt
205,MRI-ESM2-0_climax_tas_run-02ClimaX_adamw_4bs_0.0005lr_1e-05wd_22201seed_14h10m_on_Jan_09_y5e2d257,y5e2d257,"['MRI-ESM2-0', 'climax', 'run2', 'single_emulator', 'tas+pr']",0.07928496721164649,/network/scratch/c/charlotte.lange/neurips23/causalpaca/runs/emulator/y5e2d257/checkpoints/epoch=49-step=2950.ckpt
207,MPI-ESM1-2-HR_climax_tas_run-02ClimaX_adamw_4bs_0.0005lr_1e-05wd_7seed_13h42m_on_Jan_09_mta612v4,mta612v4,"['MPI-ESM1-2-HR', 'climax', 'run2', 'single_emulator', 'tas+pr']",0.08607010490946382,/network/scratch/c/charlotte.lange/neurips23/causalpaca/runs/emulator/mta612v4/checkpoints/epoch=49-step=2950.ckpt
210,INM-CM5-0_climax_tas_run-02ClimaX_adamw_4bs_0.0005lr_1e-05wd_7seed_12h59m_on_Jan_09_1ks933go,1ks933go,"['INM-CM5-0', 'climax', 'run2', 'single_emulator', 'tas+pr']",0.07663501290685418,/network/scratch/c/charlotte.lange/neurips23/causalpaca/runs/emulator/1ks933go/checkpoints/epoch=49-step=2950.ckpt
213,INM-CM4-8_climax_tas_run-02ClimaX_adamw_4bs_0.0005lr_1e-05wd_7seed_12h18m_on_Jan_09_q2gpw6dp,q2gpw6dp,"['INM-CM4-8', 'climax', 'run2', 'single_emulator', 'tas+pr']",0.07273716783392083,/network/scratch/c/charlotte.lange/neurips23/causalpaca/runs/emulator/q2gpw6dp/checkpoints/epoch=49-step=2950.ckpt
217,GFDL-ESM4_climax_tas_run-02ClimaX_adamw_4bs_0.0005lr_1e-05wd_22201seed_11h22m_on_Jan_09_9rjcis33,9rjcis33,"['GFDL-ESM4', 'climax', 'run2', 'single_emulator', 'tas+pr']",0.21105857716973797,/network/scratch/c/charlotte.lange/neurips23/causalpaca/runs/emulator/9rjcis33/checkpoints/epoch=49-step=2950.ckpt
221,FGOALS-f3-L_climax_tas_run-02ClimaX_adamw_4bs_0.0005lr_1e-05wd_3423seed_10h26m_on_Jan_09_zm0y6jpv,zm0y6jpv,"['FGOALS-f3-L', 'climax', 'run2', 'single_emulator', 'tas+pr']",0.12636355193207646,/network/scratch/c/charlotte.lange/neurips23/causalpaca/runs/emulator/zm0y6jpv/checkpoints/epoch=49-step=2950.ckpt
222,EC-Earth3-Veg-LR_climax_tas_run-02ClimaX_adamw_4bs_0.0005lr_1e-05wd_7seed_10h12m_on_Jan_09_c7kgooud,c7kgooud,"['EC-Earth3-Veg-LR', 'climax', 'run2', 'single_emulator', 'tas+pr']",0.1121791284615857,/network/scratch/c/charlotte.lange/neurips23/causalpaca/runs/emulator/c7kgooud/checkpoints/epoch=49-step=2950.ckpt
226,EC-Earth3_climax_tas_run-02ClimaX_adamw_4bs_0.0005lr_1e-05wd_22201seed_09h17m_on_Jan_09_elftd7f1,elftd7f1,"['EC-Earth3', 'climax', 'run2', 'single_emulator', 'tas+pr']",0.1070805765027446,/network/scratch/c/charlotte.lange/neurips23/causalpaca/runs/emulator/elftd7f1/checkpoints/epoch=49-step=2950.ckpt
229,CNRM-CM6-1-HR_climax_tas_run-02ClimaX_adamw_4bs_0.0005lr_1e-05wd_22201seed_08h35m_on_Jan_09_lcg83nsl,lcg83nsl,"['CNRM-CM6-1-HR', 'climax', 'run2', 'single_emulator', 'tas+pr']",0.11225119113131574,/network/scratch/c/charlotte.lange/neurips23/causalpaca/runs/emulator/lcg83nsl/checkpoints/epoch=49-step=2950.ckpt
232,CAS-ESM2-0_climax_tas_run-02ClimaX_adamw_4bs_0.0005lr_1e-05wd_22201seed_07h54m_on_Jan_09_n7zqz784,n7zqz784,"['CAS-ESM2-0', 'climax', 'run2', 'single_emulator', 'tas+pr']",0.08496462623945308,/network/scratch/c/charlotte.lange/neurips23/causalpaca/runs/emulator/n7zqz784/checkpoints/epoch=49-step=2950.ckpt
235,BCC-CSM2-MR_climax_tas_run-02ClimaX_adamw_4bs_0.0005lr_1e-05wd_22201seed_07h13m_on_Jan_09_lh0or3hq,lh0or3hq,"['BCC-CSM2-MR', 'climax', 'run2', 'single_emulator', 'tas+pr']",0.08507559475759247,/network/scratch/c/charlotte.lange/neurips23/causalpaca/runs/emulator/lh0or3hq/checkpoints/epoch=49-step=2950.ckpt
237,AWI-CM-1-1-MR_climax_tas_run-02ClimaX_adamw_4bs_0.0005lr_1e-05wd_7seed_06h45m_on_Jan_09_yls3fm33,yls3fm33,"['AWI-CM-1-1-MR', 'climax', 'run2', 'single_emulator', 'tas+pr']",0.1199340909652706,/network/scratch/c/charlotte.lange/neurips23/causalpaca/runs/emulator/yls3fm33/checkpoints/epoch=49-step=2950.ckpt
240,NorESM2-LM_climax_tas_run-02ClimaX_adamw_4bs_0.0005lr_1e-05wd_7seed_06h04m_on_Jan_09_yl98ae9t,yl98ae9t,"['NorESM2-LM', 'climax', 'run2', 'single_emulator', 'tas+pr']",0.08259431038193944,/network/scratch/c/charlotte.lange/neurips23/causalpaca/runs/emulator/yl98ae9t/checkpoints/epoch=49-step=2950.ckpt
